clip_name,dataset_name,window_size,sample_rate,latency_ms,precision,recall,f1,accuracy,precision_hz,recall_hz,f1_hz,accuracy_hz,n_ref_notes,n_est_notes,n_tp,audio_duration_s,processing_time_s,real_time_factor,n_frames
00_BN1-129-Eb_comp,GuitarSet,256,44100.0,5.804988662131519,0.9649321266968326,0.16990339607608804,0.28893217037852487,0.16886073443531624,0.9649321266968326,0.1697174691603661,0.288663282571912,0.1686770812734823,10052,1780,1708,22.32439909297052,2.8355912819999958,7.872925563949647,3845
00_BN1-129-Eb_solo,GuitarSet,256,44100.0,5.804988662131519,0.4826800364630811,0.3856518572469046,0.428744939271255,0.2728678175727905,0.4826800364630811,0.38066139468008625,0.4256430868167203,0.2703599693643094,5564,4381,2146,22.32439909297052,2.805689755000003,7.956830955092715,3845
00_BN1-147-Gb_comp,GuitarSet,256,44100.0,5.804988662131519,0.7142857142857143,0.23295070898041864,0.35132382892057024,0.21309450277949352,0.7142857142857143,0.23255813953488372,0.3508771929824562,0.2127659574468085,8901,2912,2073,19.585600907029477,2.690262980000057,7.280180804862826,3373
00_BN1-147-Gb_solo,GuitarSet,256,44100.0,5.804988662131519,0.30119805316360915,0.44422970734400885,0.35899152164212406,0.21876274643099933,0.30119805316360915,0.44422970734400885,0.35899152164212406,0.21876274643099933,3622,5367,1609,19.585600907029477,3.1659724039999446,6.1862828880898295,3373
00_BN2-131-B_comp,GuitarSet,256,44100.0,5.804988662131519,0.843262001156738,0.12525773195876289,0.2181165382601541,0.1224078582822601,0.843262001156738,0.12523621370898472,0.21808391294592777,0.12238730798287585,11642,1731,1458,29.30639455782313,4.7119860760000165,6.2195418418343875,5048
00_BN2-131-B_solo,GuitarSet,256,44100.0,5.804988662131519,0.5968454258675079,0.8263813059620004,0.6931037640809599,0.530343377715487,0.5968454258675079,0.8256600480034911,0.6928499496475328,0.5300462249614792,4583,6335,3787,29.30639455782313,4.647985815000084,6.30518158279332,5048
00_BN2-166-Ab_comp,GuitarSet,256,44100.0,5.804988662131519,0.7329157175398633,0.135788140958008,0.22912586790101477,0.12938574444556147,0.7329157175398633,0.13486325055014148,0.22780777059916807,0.12854574510587297,9543,1749,1296,23.13,3.708358542000042,6.237260970867508,3983
00_BN2-166-Ab_solo,GuitarSet,256,44100.0,5.804988662131519,0.5740017361111112,0.7514204545454546,0.6508366141732285,0.48240014590552616,0.5740017361111112,0.7242606790799562,0.6404358353510896,0.47105966162065893,3652,4595,2744,23.13,3.7447429600000532,6.176658918132974,3983
00_BN3-119-G_comp,GuitarSet,256,44100.0,5.804988662131519,0.7341946597760551,0.3230990827079069,0.4487260475889661,0.28926292927921815,0.7341946597760551,0.32103043085266647,0.44672711073843097,0.2876037519400769,13276,5789,4289,32.26319727891156,5.128137419999916,6.291406535457486,5557
00_BN3-119-G_solo,GuitarSet,256,44100.0,5.804988662131519,0.4138378779447227,0.1965292459478506,0.26649943259869796,0.1537348401323043,0.4138378779447227,0.1964427225499692,0.2664198710293767,0.15368189019769926,11357,5408,2232,32.26319727891156,5.109464446000061,6.314399017722645,5557
00_BN3-154-E_comp,GuitarSet,256,44100.0,5.804988662131519,0.68721032193411,0.5316921884086063,0.5995300803234795,0.4280920795942255,0.68721032193411,0.5302532379663638,0.5986142179060504,0.4271587635287705,10346,7998,5501,24.93199546485261,4.0079346019999775,6.22065925237688,4294
00_BN3-154-E_solo,GuitarSet,256,44100.0,5.804988662131519,0.37829392771586295,0.586373910235712,0.4598923710034821,0.29861054016278876,0.37829392771586295,0.5846748229233741,0.4593688737115032,0.2981692800262704,6212,9601,3643,24.93199546485261,3.963256890000025,6.290784613977534,4294
00_Funk1-114-Ab_comp,GuitarSet,256,44100.0,5.804988662131519,0.6104224639514293,0.20243288590604028,0.30403830403830406,0.17927191679049034,0.6104224639514293,0.2011336167375177,0.3025705329153605,0.1782521976804314,11997,3962,2429,25.258390022675737,4.023624595000001,6.277521529733002,4350
00_Funk1-114-Ab_solo,GuitarSet,256,44100.0,5.804988662131519,1.0,0.014206955046649703,0.02801588960903199,0.014206955046649703,1.0,0.014132039654081418,0.02787021630615641,0.014132039654081418,4741,67,67,25.258390022675737,4.052905435999946,6.2321686063331265,4350
00_Funk1-97-C_comp,GuitarSet,256,44100.0,5.804988662131519,0.7714582714582715,0.32788437263317344,0.46018247851891225,0.2988552033596042,0.7714582714582715,0.3251956181533646,0.45752785239332416,0.29661984697955923,15975,6734,5238,29.688390022675737,4.788934422000011,6.199372847180673,5113
00_Funk1-97-C_solo,GuitarSet,256,44100.0,5.804988662131519,0.0,0.0,0.0,0.0,0.0,0.0,0.0,0.0,7588,0,0,29.688390022675737,4.752744164000092,6.2465786076919505,5113
00_Funk2-108-Eb_comp,GuitarSet,256,44100.0,5.804988662131519,0.7014007068988087,0.24526229057951113,0.36343903679837203,0.22207485389812243,0.7014007068988087,0.24282800815771585,0.36075949367088606,0.22007722007722008,22065,7647,5412,35.54839002267574,5.7451050399999986,6.18759618408574,6123
00_Funk2-108-Eb_solo,GuitarSet,256,44100.0,5.804988662131519,0.75,0.00100993098804915,0.0020171457387796266,0.0010095911155981827,0.75,0.000991899487518598,0.001981178801386825,0.0009915716410510659,6049,6,6,35.54839002267574,5.770920717999957,6.15991654707671,6123
00_Funk2-119-G_comp,GuitarSet,256,44100.0,5.804988662131519,0.6896209110363803,0.39974304447988657,0.5061139780121158,0.3387902226561033,0.6896209110363803,0.39458608475095114,0.5019610024755918,0.3350787284610814,22867,13074,9141,32.26319727891156,4.716467840000064,6.840542196702676,5557
00_Funk2-119-G_solo,GuitarSet,256,44100.0,5.804988662131519,0.8263988522238164,0.0840017500364591,0.15250198570293882,0.0825451418744626,0.8263988522238164,0.0828896244063894,0.1506670154329061,0.08147100424328148,6949,698,584,32.26319727891156,5.196519364999972,6.208616770720287,5557
00_BN1-129-Eb_comp,GuitarSet,512,44100.0,11.609977324263038,0.959866220735786,0.17137738853503184,0.2908292518155717,0.1701581027667984,0.959866220735786,0.17117296222664016,0.2905348405601485,0.16995657323332017,5030,897,862,22.32439909297052,3.5793990099999746,6.236912685789305,1922
00_BN1-129-Eb_solo,GuitarSet,512,44100.0,11.609977324263038,0.47989031078610606,0.38209606986899564,0.42544570502431117,0.27020072053525473,0.47989031078610606,0.3770197486535009,0.4222803136939473,0.2676523069079786,2785,2188,1064,22.32439909297052,3.6045396799999025,6.193411940181811,1922
00_BN1-147-Gb_comp,GuitarSet,512,44100.0,11.609977324263038,0.71939477303989,0.23510901326140707,0.35439606979501953,0.21535927527280213,0.71939477303989,0.23468700919901278,0.35391642700050757,0.21500513874614594,4457,1454,1048,19.585600907029477,3.1503078590000086,6.217043471188389,1686
00_BN1-147-Gb_solo,GuitarSet,512,44100.0,11.609977324263038,0.29650297619047616,0.44008834897846494,0.35430095576794846,0.21528903295515936,0.29650297619047616,0.44008834897846494,0.35430095576794846,0.21528903295515936,1811,2688,797,19.585600907029477,3.1826037569999244,6.153955189662633,1686
00_BN2-131-B_comp,GuitarSet,512,44100.0,11.609977324263038,0.8493626882966396,0.12594501718213058,0.21936256172377674,0.12319327731092437,0.8493626882966396,0.12592338086239477,0.21932974266906044,0.12317257603764073,5821,863,733,29.30639455782313,4.740756860000033,6.181796582966485,2524
00_BN2-131-B_solo,GuitarSet,512,44100.0,11.609977324263038,0.5943307086614174,0.8269062226117441,0.6915887850467289,0.5285714285714286,0.5943307086614174,0.8261821366024519,0.691335409415644,0.5282754759238522,2284,3175,1889,29.30639455782313,4.745698279000067,6.17535983851002,2524
00_BN2-166-Ab_comp,GuitarSet,512,44100.0,11.609977324263038,0.734321550741163,0.13612344113295285,0.2296718972895863,0.1297340854149879,0.734321550741163,0.1351805205709488,0.22832831058322994,0.12887732639583752,4764,877,648,23.13,2.932159271000046,7.888384587004802,1991
00_BN2-166-Ab_solo,GuitarSet,512,44100.0,11.609977324263038,0.5737417943107221,0.7448863636363636,0.6482076637824475,0.4795171909290417,0.5737417943107221,0.7183561643835616,0.637956204379562,0.4683815648445874,1825,2285,1359,23.13,2.9132672619999767,7.939539328129169,1991
00_BN3-119-G_comp,GuitarSet,512,44100.0,11.609977324263038,0.7338179300796123,0.3215531624450174,0.4471630457709343,0.28796522684053244,0.7338179300796123,0.31956587277660536,0.4452378452168434,0.28637039038227746,6634,2890,2133,32.26319727891156,4.154126991999988,7.766540922086394,2778
00_BN3-119-G_solo,GuitarSet,512,44100.0,11.609977324263038,0.41450777202072536,0.19746121297602257,0.26749462622402675,0.15439757375241248,0.41450777202072536,0.1973568281938326,0.2673988301301181,0.15433374672729777,5675,2702,1121,32.26319727891156,5.203451782000002,6.200345199799441,2778
00_BN3-154-E_comp,GuitarSet,512,44100.0,11.609977324263038,0.6871871871871872,0.5310384838522529,0.5991054870731973,0.4276592431085501,0.6871871871871872,0.5295025067489395,0.5981267697669354,0.4266625233064015,5186,3996,2754,24.93199546485261,4.055583308000109,6.147573251835649,2147
00_BN3-154-E_solo,GuitarSet,512,44100.0,11.609977324263038,0.3769567939887289,0.5838991270611057,0.4581430745814308,0.29713721618953604,0.3769567939887289,0.5822050290135397,0.45762067654884075,0.2966978807294234,3102,4791,1811,24.93199546485261,4.025530242999821,6.193468676134777,2147
00_Funk1-114-Ab_comp,GuitarSet,512,44100.0,11.609977324263038,0.6088933804951996,0.20235096557514692,0.30375598689185784,0.17907564274037746,0.6088933804951996,0.20103436770103436,0.3022701617960617,0.17804373522458627,5994,1979,1213,25.258390022675737,4.149118713000007,6.0876518050775985,2175
00_Funk1-114-Ab_solo,GuitarSet,512,44100.0,11.609977324263038,1.0,0.013553578991952562,0.02674467195988299,0.013553578991952562,1.0,0.0134850400337126,0.026611226611226613,0.0134850400337126,2373,32,32,25.258390022675737,4.2016216860001805,6.011581220374216,2175
00_Funk1-97-C_comp,GuitarSet,512,44100.0,11.609977324263038,0.7740298507462686,0.3273989898989899,0.4601597160603371,0.2988360032269217,0.7740298507462686,0.3246119178768152,0.45739989416122767,0.29651229273870783,7988,3350,2615,29.688390022675737,4.783778740999878,6.206054173916589,2556
00_Funk1-97-C_solo,GuitarSet,512,44100.0,11.609977324263038,0.0,0.0,0.0,0.0,0.0,0.0,0.0,0.0,3791,0,0,29.688390022675737,4.786147954999933,6.202982085345114,2556
00_Funk2-108-Eb_comp,GuitarSet,512,44100.0,11.609977324263038,0.7010443864229765,0.24545205228997166,0.3635994312411131,0.22219463753723934,0.7010443864229765,0.24303041274438814,0.3609356096249496,0.22020831624702697,11048,3830,2712,35.54839002267574,4.4372089420000975,8.01143026784132,3061
00_Funk2-108-Eb_solo,GuitarSet,512,44100.0,11.609977324263038,1.0,0.0006734006734006734,0.0013458950201884255,0.0006734006734006734,1.0,0.0006615944426066821,0.001322314049586777,0.0006615944426066821,3023,2,2,35.54839002267574,5.452305735999971,6.519881999272377,3061
00_Funk2-119-G_comp,GuitarSet,512,44100.0,11.609977324263038,0.6939090208172706,0.39865343727852587,0.5063860912620266,0.33903412943569655,0.6939090208172706,0.3934942287513116,0.5022041180737682,0.33529543253110794,11436,6485,4559,32.26319727891156,5.169796846000054,6.2407089175804,2778
00_Funk2-119-G_solo,GuitarSet,512,44100.0,11.609977324263038,0.8252148997134671,0.08401400233372229,0.15250198570293885,0.0825451418744626,0.8252148997134671,0.08292542470486611,0.15070643642072212,0.08149405772495756,3473,349,292,32.26319727891156,5.146674371000017,6.268746563937502,2778
00_BN1-129-Eb_comp,GuitarSet,960,44100.0,21.768707482993197,0.960167714884696,0.17076808351976136,0.28996517885406775,0.16956682710107368,0.960167714884696,0.17038690476190477,0.28941548183254345,0.16919098633173255,2688,477,459,22.32439909297052,3.6805242629998247,6.065548682125773,1025
00_BN1-129-Eb_solo,GuitarSet,960,44100.0,21.768707482993197,0.47855917667238423,0.3803680981595092,0.4238511203949867,0.2689156626506024,0.47855917667238423,0.3755047106325707,0.4208144796380091,0.2664756446991404,1486,1166,565,22.32439909297052,3.6125326639999003,6.1797085782616294,1025
00_BN1-147-Gb_comp,GuitarSet,960,44100.0,21.768707482993197,0.7161290322580646,0.23388116308470291,0.3526048284625159,0.2140377940609333,0.7161290322580646,0.23348758939840134,0.35215736040609136,0.2137081247593377,2377,775,556,19.585600907029477,3.1853009079998174,6.148744333020671,899
00_BN1-147-Gb_solo,GuitarSet,960,44100.0,21.768707482993197,0.2926829268292683,0.43523316062176165,0.35,0.21212121212121213,0.2926829268292683,0.43523316062176165,0.35,0.21212121212121213,965,1435,420,19.585600907029477,3.3101265309999235,5.9168737882394655,899
00_BN2-131-B_comp,GuitarSet,960,44100.0,21.768707482993197,0.8565217391304348,0.1270967741935484,0.2213483146067416,0.1244472520530638,0.8565217391304348,0.1270967741935484,0.2213483146067416,0.1244472520530638,3100,460,394,29.30639455782313,5.098840119999977,5.747659049529731,1346
00_BN2-131-B_solo,GuitarSet,960,44100.0,21.768707482993197,0.5912581216774956,0.8198198198198198,0.6870281400137268,0.5232618923157345,0.5912581216774956,0.8191489361702128,0.6867924528301886,0.5229885057471264,1222,1693,1002,29.30639455782313,4.904300323999905,5.975652513449887,1346
00_BN2-166-Ab_comp,GuitarSet,960,44100.0,21.768707482993197,0.734341252699784,0.13454689354966362,0.22742474916387956,0.12830188679245283,0.734341252699784,0.13359528487229863,0.22606382978723405,0.12743628185907047,2545,463,342,23.13,3.7825323739998566,6.114950967502512,1062
00_BN2-166-Ab_solo,GuitarSet,960,44100.0,21.768707482993197,0.5740131578947368,0.7409766454352441,0.6468952734012974,0.4780821917808219,0.5740131578947368,0.7151639344262295,0.6368613138686131,0.46720214190093706,976,1216,723,23.13,3.8600215199999184,5.9921945720138075,1062
00_BN3-119-G_comp,GuitarSet,960,44100.0,21.768707482993197,0.7381107491856678,0.32096317280453257,0.4473840078973346,0.28814852492370296,0.7381107491856678,0.31870604781997186,0.44518664047151274,0.2863280262825373,3555,1536,1141,32.26319727891156,5.212128013999973,6.190023958017032,1482
00_BN3-119-G_solo,GuitarSet,960,44100.0,21.768707482993197,0.4167832167832168,0.19663477400197954,0.2672046626316969,0.15420439844760672,0.4167832167832168,0.19656992084432717,0.2671447781264007,0.15416451112260735,3032,1430,596,32.26319727891156,5.207767704999924,6.195206680961595,1482
00_BN3-154-E_comp,GuitarSet,960,44100.0,21.768707482993197,0.679368029739777,0.530478955007257,0.5957620211898941,0.4242600116076611,0.679368029739777,0.5293265749456916,0.5950345950345951,0.4235225955967555,2762,2152,1465,24.93199546485261,4.086604929000032,6.100906717927666,1145
00_BN3-154-E_solo,GuitarSet,960,44100.0,21.768707482993197,0.37860244769048557,0.5798065296251511,0.4580845474086458,0.29708798017348204,0.37860244769048557,0.5787567893783947,0.45775656324582337,0.29681213246672855,1657,2533,961,24.93199546485261,3.9517139849999694,6.309159913771644,1145
00_Funk1-114-Ab_comp,GuitarSet,960,44100.0,21.768707482993197,0.6030245746691871,0.20056585979251806,0.30101439018636467,0.17717300749791726,0.6030245746691871,0.19912609238451934,0.2993899577663069,0.17604856512141281,3204,1058,643,25.258390022675737,3.9800990100000035,6.346171278456642,1160
00_Funk1-114-Ab_solo,GuitarSet,960,44100.0,21.768707482993197,1.0,0.013460015835312747,0.0265625,0.013460015835312747,1.0,0.013385826771653543,0.026418026418026416,0.013385826771653543,1270,17,17,25.258390022675737,4.0172412840001925,6.287496377993143,1160
00_Funk1-97-C_comp,GuitarSet,960,44100.0,21.768707482993197,0.7828539199097575,0.32844297207761475,0.46274379063177196,0.30101930166991975,0.7828539199097575,0.3262044653349001,0.4605175846051758,0.2991379310344828,4255,1773,1398,29.688390022675737,4.71763355500002,6.293068267502521,1363
00_Funk1-97-C_solo,GuitarSet,960,44100.0,21.768707482993197,0.0,0.0,0.0,0.0,0.0,0.0,0.0,0.0,2025,0,0,29.688390022675737,4.24051081000016,7.001135323759407,1363
00_Funk2-108-Eb_comp,GuitarSet,960,44100.0,21.768707482993197,0.7004448838358873,0.24330357142857142,0.36115713011341916,0.22037325038880248,0.7004448838358873,0.24131471389645776,0.3589613679544015,0.21874035196048164,5872,2023,1429,35.54839002267574,4.567938510999966,7.782151606697932,1632
00_Funk2-108-Eb_solo,GuitarSet,960,44100.0,21.768707482993197,1.0,0.0006353240152477764,0.00126984126984127,0.0006353240152477764,1.0,0.0006238303181534623,0.0012468827930174565,0.0006238303181534623,1603,1,1,35.54839002267574,4.510796707000054,7.880734232050443,1632
00_Funk2-119-G_comp,GuitarSet,960,44100.0,21.768707482993197,0.7012496367335077,0.4015643201863871,0.5106878306878307,0.34290180474634074,0.7012496367335077,0.39641859701002136,0.5065071368597817,0.33914265635980323,6087,3441,2444,32.26319727891156,4.030732694000108,8.004300887264618,1482
00_Funk2-119-G_solo,GuitarSet,960,44100.0,21.768707482993197,0.8108108108108109,0.08214676889375684,0.14917951268025859,0.08060182697474476,0.8108108108108109,0.08103727714748785,0.14734774066797643,0.07953340402969247,1851,185,152,32.26319727891156,3.9925162950000868,8.080918121565453,1482
00_BN1-129-Eb_comp,GuitarSet,1024,44100.0,23.219954648526077,0.963963963963964,0.17051792828685258,0.28977657413676366,0.16943784639746634,0.963963963963964,0.17031436530043773,0.28948258369969565,0.16923685251087386,2513,444,429,22.32439909297052,2.757537636000052,8.095773127997337,961
00_BN1-129-Eb_solo,GuitarSet,1024,44100.0,23.219954648526077,0.4779816513761468,0.37863372093023256,0.42254663422546634,0.267866323907455,0.4779816513761468,0.3734767025089606,0.4193158953722334,0.2652749490835031,1395,1090,528,22.32439909297052,2.804160527000022,7.961170153426935,961
00_BN1-147-Gb_comp,GuitarSet,1024,44100.0,23.219954648526077,0.7146776406035665,0.23436797121007646,0.3529810298102981,0.21431509666803786,0.7146776406035665,0.23405211141060198,0.35262267343485615,0.21405094494658997,2226,729,522,19.585600907029477,2.4365268830001696,8.03832744209788,843
00_BN1-147-Gb_solo,GuitarSet,1024,44100.0,23.219954648526077,0.2933233308327082,0.4334811529933481,0.3498881431767337,0.21203904555314534,0.2933233308327082,0.4334811529933481,0.3498881431767337,0.21203904555314534,902,1333,391,19.585600907029477,2.622841666999875,7.467321094312328,843
00_BN2-131-B_comp,GuitarSet,1024,44100.0,23.219954648526077,0.8454332552693209,0.1244398483281627,0.2169471153846154,0.12167172227839569,0.8454332552693209,0.12439696760854584,0.21688194653048964,0.12163072776280323,2902,427,361,29.30639455782313,4.591991029999917,6.382067030697936,1262
00_BN2-131-B_solo,GuitarSet,1024,44100.0,23.219954648526077,0.592245153220763,0.8285214348206474,0.6907366885485047,0.5275766016713092,0.592245153220763,0.8277972027972028,0.6904848705796574,0.52728285077951,1144,1599,948,29.30639455782313,4.617664944999888,6.346583155531186,1262
00_BN2-166-Ab_comp,GuitarSet,1024,44100.0,23.219954648526077,0.7327188940092166,0.13429054054054054,0.22698072805139186,0.1280193236714976,0.7327188940092166,0.13338926174496643,0.22569198012775016,0.1272,2384,434,320,23.13,3.6313249659999656,6.36957590316642,995
00_BN2-166-Ab_solo,GuitarSet,1024,44100.0,23.219954648526077,0.5633187772925764,0.7379862700228833,0.6389301634472512,0.46943231441048033,0.5633187772925764,0.7119205298013245,0.628961482203803,0.45874822190611664,906,1145,669,23.13,3.6460702930000934,6.343816257302039,995
00_BN3-119-G_comp,GuitarSet,1024,44100.0,23.219954648526077,0.7364016736401674,0.32068023079259034,0.4467950074042733,0.28766003813674745,0.7364016736401674,0.31874434047690914,0.4449125763640194,0.28610132755350853,3313,1435,1062,32.26319727891156,5.034538944999895,6.408371775722203,1389
00_BN3-119-G_solo,GuitarSet,1024,44100.0,23.219954648526077,0.41901931649331353,0.19866150052835505,0.26953405017921145,0.15575807787903895,0.41901931649331353,0.19852164730728616,0.2694053021256269,0.15567209494893736,2841,1346,564,32.26319727891156,5.159925088000136,6.252648387074938,1389
00_BN3-154-E_comp,GuitarSet,1024,44100.0,23.219954648526077,0.6814777833250125,0.528250773993808,0.5951602354480052,0.4236499068901304,0.6814777833250125,0.5266203703703703,0.5941240478781284,0.42260061919504643,2592,2003,1369,24.93199546485261,3.9433489389998613,6.32254356652902,1073
00_BN3-154-E_solo,GuitarSet,1024,44100.0,23.219954648526077,0.3717146433041302,0.5755813953488372,0.4517110266159696,0.2917485265225933,0.3717146433041302,0.5737282678686413,0.45113924050632914,0.2912716574043805,1553,2397,894,24.93199546485261,3.96209020099991,6.292637017340125,1073
00_Funk1-114-Ab_comp,GuitarSet,1024,44100.0,23.219954648526077,0.6072874493927125,0.20215633423180593,0.3033367037411527,0.17878426698450536,0.6072874493927125,0.20073603211776514,0.3017349761126477,0.17767249037607344,2989,988,604,25.258390022675737,4.025951477999797,6.273893304651748,1087
00_Funk1-114-Ab_solo,GuitarSet,1024,44100.0,23.219954648526077,1.0,0.013593882752761258,0.026823134953897737,0.013593882752761258,1.0,0.013524936601859678,0.026688907422852376,0.013524936601859678,1183,16,16,25.258390022675737,4.149985063000031,6.086380948180186,1087
00_Funk1-97-C_comp,GuitarSet,1024,44100.0,23.219954648526077,0.7791741472172352,0.3292035398230089,0.46285104870245286,0.3011100832562442,0.7791741472172352,0.3269713711702662,0.46064036794622315,0.29924155366582394,3982,1671,1311,29.688390022675737,4.754665471999942,6.244054434010052,1278
00_Funk1-97-C_solo,GuitarSet,1024,44100.0,23.219954648526077,0.0,0.0,0.0,0.0,0.0,0.0,0.0,0.0,1896,0,0,29.688390022675737,4.708580985000026,6.305167123014997,1278
00_Funk2-108-Eb_comp,GuitarSet,1024,44100.0,23.219954648526077,0.6985216473072862,0.24208600182982618,0.35955972278842235,0.2191848906560636,0.6985216473072862,0.23958710612097067,0.3567961165048544,0.2171344165435746,5522,1894,1337,35.54839002267574,5.982978693999939,5.9415872662768505,1530
00_Funk2-108-Eb_solo,GuitarSet,1024,44100.0,23.219954648526077,1.0,0.0006738544474393531,0.0013468013468013469,0.0006738544474393531,1.0,0.0006609385327164573,0.0013210039630118888,0.0006609385327164573,1513,1,1,35.54839002267574,5.973512673999949,5.9510026951817006,1530
00_Funk2-119-G_comp,GuitarSet,1024,44100.0,23.219954648526077,0.6969978334880842,0.399290780141844,0.5077217901025816,0.34023266354434206,0.6969978334880842,0.3939818054583625,0.5034089638985134,0.33637042569081405,5716,3231,2282,32.26319727891156,5.130172086999892,6.288911313651269,1389
00_Funk2-119-G_solo,GuitarSet,1024,44100.0,23.219954648526077,0.8255813953488372,0.08270238788584741,0.15034409740603497,0.08128219805380653,0.8255813953488372,0.08156232050545663,0.1484579194981704,0.08018068887634106,1741,172,144,32.26319727891156,5.157418280999991,6.255687539979001,1389
00_BN1-129-Eb_comp,GuitarSet,2048,44100.0,46.439909297052154,0.9585253456221198,0.16613418530351437,0.2831858407079646,0.16494845360824742,0.9585253456221198,0.16600159616919394,0.2829931972789116,0.1648177496038035,1253,217,208,22.32439909297052,3.6520419319999746,6.112853989259912,480
00_BN1-129-Eb_solo,GuitarSet,2048,44100.0,46.439909297052154,0.47540983606557374,0.37716763005780346,0.42062852538275586,0.26632653061224487,0.47540983606557374,0.3717948717948718,0.4172661870503597,0.2636363636363636,702,549,265,22.32439909297052,3.654276396000114,6.109116189844394,480
00_BN1-147-Gb_comp,GuitarSet,2048,44100.0,46.439909297052154,0.7142857142857143,0.23035230352303523,0.3483606557377049,0.2109181141439206,0.7142857142857143,0.22993688007213706,0.3478854024556617,0.21056977704376548,1109,357,255,19.585600907029477,3.0932136480000736,6.331797003318088,421
00_BN1-147-Gb_solo,GuitarSet,2048,44100.0,46.439909297052154,0.2822822822822823,0.4177777777777778,0.33691756272401435,0.2025862068965517,0.2822822822822823,0.4177777777777778,0.33691756272401435,0.2025862068965517,450,667,188,19.585600907029477,3.105453443999977,6.306840936504995,421
00_BN2-131-B_comp,GuitarSet,2048,44100.0,46.439909297052154,0.8294930875576036,0.12303485987696514,0.21428571428571427,0.12,0.8294930875576036,0.12303485987696514,0.21428571428571427,0.12,1463,217,180,29.30639455782313,4.729067536999992,6.19707676588066,631
00_BN2-131-B_solo,GuitarSet,2048,44100.0,46.439909297052154,0.5859085290482077,0.8272251308900523,0.6859623733719248,0.5220264317180616,0.5859085290482077,0.8257839721254355,0.6854663774403471,0.5214521452145214,574,812,475,29.30639455782313,4.794936498999959,6.111946334208039,631
00_BN2-166-Ab_comp,GuitarSet,2048,44100.0,46.439909297052154,0.7276995305164319,0.13047138047138046,0.22127052105638825,0.12439807383627609,0.7276995305164319,0.12949039264828738,0.21985815602836875,0.12350597609561753,1197,213,156,23.13,3.8909649699999136,5.94454079600735,497
00_BN2-166-Ab_solo,GuitarSet,2048,44100.0,46.439909297052154,0.552212389380531,0.7205542725173211,0.6252505010020041,0.45481049562682213,0.552212389380531,0.6964285714285714,0.6159921026653503,0.4450784593437946,448,569,323,23.13,3.735849898999959,6.191362240274058,497
00_BN3-119-G_comp,GuitarSet,2048,44100.0,46.439909297052154,0.7279102384291725,0.3143549364021805,0.43908629441624364,0.2813008130081301,0.7279102384291725,0.3124623720650211,0.4372367312552654,0.27978436657681943,1661,713,522,32.26319727891156,5.285298421000107,6.104328404753838,694
00_BN3-119-G_solo,GuitarSet,2048,44100.0,46.439909297052154,0.4162962962962963,0.19802677942212826,0.26838586437440304,0.15499172642029785,0.4162962962962963,0.19774806474313864,0.2681297709923664,0.15482093663911844,1421,675,281,32.26319727891156,5.390061996999975,5.985682037955919,694
00_BN3-154-E_comp,GuitarSet,2048,44100.0,46.439909297052154,0.6753768844221105,0.5213343677269201,0.5884413309982487,0.41687344913151364,0.6753768844221105,0.5193199381761978,0.5871559633027522,0.4155844155844156,1294,997,675,24.93199546485261,3.3880058380000264,7.35889979444965,536
00_BN3-154-E_solo,GuitarSet,2048,44100.0,46.439909297052154,0.36462699077954736,0.5605670103092784,0.4418486541391569,0.2835723598435463,0.36462699077954736,0.5605670103092784,0.4418486541391569,0.2835723598435463,776,1195,435,24.93199546485261,3.1655653560001156,7.876000859560739,536
00_Funk1-114-Ab_comp,GuitarSet,2048,44100.0,46.439909297052154,0.6080808080808081,0.20214909335124245,0.30342741935483875,0.17884729649435532,0.6080808080808081,0.2008005336891261,0.30190571715145437,0.17779090372120496,1499,495,303,25.258390022675737,3.150379034000025,8.017571774722374,543
00_Funk1-114-Ab_solo,GuitarSet,2048,44100.0,46.439909297052154,1.0,0.013559322033898305,0.026755852842809364,0.013559322033898305,1.0,0.013490725126475547,0.026622296173044926,0.013490725126475547,593,8,8,25.258390022675737,3.57011915399994,7.074943141428876,543
00_Funk1-97-C_comp,GuitarSet,2048,44100.0,46.439909297052154,0.7866666666666666,0.3277777777777778,0.4627450980392157,0.3010204081632653,0.7866666666666666,0.3254764292878636,0.4604469670095778,0.2990783410138249,1994,825,654,29.688390022675737,4.729462739000155,6.277328242351707,639
00_Funk1-97-C_solo,GuitarSet,2048,44100.0,46.439909297052154,0.0,0.0,0.0,0.0,0.0,0.0,0.0,0.0,944,0,0,29.688390022675737,4.720919610999999,6.288687897480858,639
00_Funk2-108-Eb_comp,GuitarSet,2048,44100.0,46.439909297052154,0.6984978540772532,0.23819978046103182,0.35525238744884036,0.21599203715992038,0.6984978540772532,0.23561346362649294,0.35236806495263867,0.21386333771353483,2763,932,658,35.54839002267574,5.654118316999984,6.28716769435015,765
00_Funk2-108-Eb_solo,GuitarSet,2048,44100.0,46.439909297052154,0.0,0.0,0.0,0.0,0.0,0.0,0.0,0.0,757,0,0,35.54839002267574,5.7180600009999125,6.2168620155191485,765
00_Funk2-119-G_comp,GuitarSet,2048,44100.0,46.439909297052154,0.7044025157232704,0.397444996451384,0.5081669691470053,0.340632603406326,0.7044025157232704,0.39119804400978,0.5030316640467102,0.33603360336033605,2863,1590,1138,32.26319727891156,5.1477585190000354,6.267426329310172,694
00_Funk2-119-G_solo,GuitarSet,2048,44100.0,46.439909297052154,0.8,0.07981220657276995,0.14514407684098185,0.07825086306098965,0.8,0.0787037037037037,0.14330874604847207,0.0771850170261067,864,85,69,32.26319727891156,5.218060028000082,6.182986992443057,694
00_BN1-129-Eb_comp,GuitarSet,4096,44100.0,92.87981859410431,0.9454545454545454,0.16693418940609953,0.2837653478854025,0.16534181240063592,0.9454545454545454,0.16693418940609953,0.2837653478854025,0.16534181240063592,623,110,104,22.32439909297052,3.6048749320000297,6.19283595522263,240
00_BN1-129-Eb_solo,GuitarSet,4096,44100.0,92.87981859410431,0.4404332129963899,0.3515850144092219,0.391025641025641,0.24302788844621515,0.4404332129963899,0.34560906515580736,0.38730158730158737,0.24015748031496062,353,277,124,22.32439909297052,3.6137889970000288,6.177560203847824,240
00_BN1-147-Gb_comp,GuitarSet,4096,44100.0,92.87981859410431,0.6853932584269663,0.215929203539823,0.3283983849259758,0.1964573268921095,0.6853932584269663,0.21516754850088182,0.32751677852348987,0.1958266452648475,567,178,122,19.585600907029477,3.211399773000039,6.098773834293734,210
00_BN1-147-Gb_solo,GuitarSet,4096,44100.0,92.87981859410431,0.23780487804878048,0.3482142857142857,0.2826086956521739,0.16455696202531644,0.23780487804878048,0.3482142857142857,0.2826086956521739,0.16455696202531644,224,328,78,19.585600907029477,3.0979100209999615,6.322198118816738,210
00_BN2-131-B_comp,GuitarSet,4096,44100.0,92.87981859410431,0.7745098039215687,0.10807113543091655,0.18967587034813926,0.10477453580901856,0.7745098039215687,0.10807113543091655,0.18967587034813926,0.10477453580901856,731,102,79,29.30639455782313,4.627602116000162,6.332954697313935,315
00_BN2-131-B_solo,GuitarSet,4096,44100.0,92.87981859410431,0.5362997658079626,0.8207885304659498,0.6487252124645893,0.480083857442348,0.5362997658079626,0.8178571428571428,0.6478076379066479,0.4790794979079498,280,427,230,29.30639455782313,4.656759530000045,6.293302106115591,315
00_BN2-166-Ab_comp,GuitarSet,4096,44100.0,92.87981859410431,0.6907216494845361,0.11298482293423272,0.19420289855072465,0.10754414125200643,0.6907216494845361,0.11204013377926421,0.19280575539568343,0.10668789808917198,598,97,68,23.13,3.7405783069998506,6.183535833674748,248
00_BN2-166-Ab_solo,GuitarSet,4096,44100.0,92.87981859410431,0.5136986301369864,0.7009345794392523,0.5928853754940712,0.42134831460674155,0.5136986301369864,0.6787330316742082,0.584795321637427,0.4132231404958678,221,292,155,23.13,3.7318436799998835,6.1980088083434195,248
00_BN3-119-G_comp,GuitarSet,4096,44100.0,92.87981859410431,0.7146814404432132,0.31425091352009743,0.43654822335025384,0.2792207792207792,0.7146814404432132,0.31234866828087166,0.43470935130581295,0.27771797631862216,826,361,260,32.26319727891156,5.1923827969999365,6.213562932523512,347
00_BN3-119-G_solo,GuitarSet,4096,44100.0,92.87981859410431,0.40061162079510704,0.18373071528751753,0.25192307692307697,0.14411441144114412,0.40061162079510704,0.18347338935574228,0.25168107588856864,0.14395604395604394,714,327,131,32.26319727891156,5.099973100999932,6.326150479614459,347
00_BN3-154-E_comp,GuitarSet,4096,44100.0,92.87981859410431,0.640625,0.5198098256735341,0.5739282589676291,0.40245398773006136,0.640625,0.5181674565560821,0.5729257641921397,0.401468788249694,633,514,329,24.93199546485261,3.9366614010000376,6.333284203340193,268
00_BN3-154-E_solo,GuitarSet,4096,44100.0,92.87981859410431,0.3416666666666667,0.5256410256410257,0.41414141414141414,0.2611464968152866,0.3416666666666667,0.5256410256410257,0.41414141414141414,0.2611464968152866,390,602,205,24.93199546485261,3.976128907999964,6.270419305241709,268
00_Funk1-114-Ab_comp,GuitarSet,4096,44100.0,92.87981859410431,0.5864978902953587,0.18783783783783783,0.28454452405322417,0.1658711217183771,0.5864978902953587,0.1863270777479893,0.2828077314343846,0.1646919431279621,746,237,140,25.258390022675737,4.04637903899993,6.242220459138794,271
00_Funk1-114-Ab_solo,GuitarSet,4096,44100.0,92.87981859410431,1.0,0.0136986301369863,0.027027027027027025,0.0136986301369863,1.0,0.013651877133105802,0.02693602693602694,0.013651877133105802,293,4,4,25.258390022675737,4.043786240999907,6.246222850896811,271
00_Funk1-97-C_comp,GuitarSet,4096,44100.0,92.87981859410431,0.7647058823529411,0.31419939577039274,0.4453961456102783,0.2865013774104683,0.7647058823529411,0.3116883116883117,0.4428672817601135,0.284412032816773,1001,408,315,29.688390022675737,4.703935830000091,6.311393500169232,319
00_Funk1-97-C_solo,GuitarSet,4096,44100.0,92.87981859410431,0.0,0.0,0.0,0.0,0.0,0.0,0.0,0.0,472,0,0,29.688390022675737,4.676184992000117,6.348848489413012,319
00_Funk2-108-Eb_comp,GuitarSet,4096,44100.0,92.87981859410431,0.6894273127753304,0.2293040293040293,0.3441451346893898,0.20783532536520585,0.6894273127753304,0.2259927797833935,0.3404023926046764,0.20511140235910877,1385,456,318,35.54839002267574,5.582847738000055,6.367429614945983,382
00_Funk2-108-Eb_solo,GuitarSet,4096,44100.0,92.87981859410431,0.0,0.0,0.0,0.0,0.0,0.0,0.0,0.0,381,0,0,35.54839002267574,5.568141148999985,6.3842472867377085,382
00_Funk2-119-G_comp,GuitarSet,4096,44100.0,92.87981859410431,0.7089084065244667,0.4015636105188344,0.5127041742286751,0.3447223917022575,0.7089084065244667,0.3951048951048951,0.5074090704984284,0.33995186522262333,1430,797,574,32.26319727891156,5.182808045000002,6.225041907549858,347
00_Funk2-119-G_solo,GuitarSet,4096,44100.0,92.87981859410431,0.7333333333333333,0.07783018867924528,0.14072494669509594,0.07568807339449542,0.7333333333333333,0.07692307692307693,0.13924050632911392,0.07482993197278912,429,45,33,32.26319727891156,5.221980166999856,6.178345425897603,347
00_BN1-129-Eb_comp,GuitarSet,8192,44100.0,185.75963718820861,0.9090909090909091,0.16025641025641027,0.2724795640326976,0.15772870662460567,0.9090909090909091,0.16025641025641027,0.2724795640326976,0.15772870662460567,312,55,50,22.32439909297052,3.596910545000128,6.206548317973175,120
00_BN1-129-Eb_solo,GuitarSet,8192,44100.0,185.75963718820861,0.410958904109589,0.3508771929824561,0.3785488958990536,0.23346303501945526,0.410958904109589,0.34285714285714286,0.37383177570093457,0.22988505747126436,175,148,61,22.32439909297052,3.58511716299995,6.2269649994618135,120
00_BN1-147-Gb_comp,GuitarSet,8192,44100.0,185.75963718820861,0.6781609195402298,0.2062937062937063,0.31635388739946385,0.18789808917197454,0.6781609195402298,0.20557491289198607,0.31550802139037437,0.1873015873015873,287,87,59,19.585600907029477,3.105433046999906,6.3068823608838445,105
00_BN1-147-Gb_solo,GuitarSet,8192,44100.0,185.75963718820861,0.17088607594936708,0.23478260869565218,0.1978021978021978,0.10975609756097561,0.17088607594936708,0.23478260869565218,0.1978021978021978,0.10975609756097561,115,161,27,19.585600907029477,3.1004836209999667,6.316950289423795,105
00_BN2-131-B_comp,GuitarSet,8192,44100.0,185.75963718820861,0.7142857142857143,0.10695187165775401,0.18604651162790697,0.10256410256410256,0.7142857142857143,0.10695187165775401,0.18604651162790697,0.10256410256410256,374,56,40,29.30639455782313,4.673091310000018,6.271307923110755,157
00_BN2-131-B_solo,GuitarSet,8192,44100.0,185.75963718820861,0.4297872340425532,0.7266187050359713,0.5401069518716578,0.36996336996337,0.4297872340425532,0.7266187050359713,0.5401069518716578,0.36996336996337,139,238,101,29.30639455782313,4.603759125999886,6.365753236809082,157
00_BN2-166-Ab_comp,GuitarSet,8192,44100.0,185.75963718820861,0.6521739130434783,0.10238907849829351,0.17699115044247787,0.0970873786407767,0.6521739130434783,0.1016949152542373,0.17595307917888564,0.09646302250803858,295,46,30,23.13,3.6477611979998983,6.340875606846851,124
00_BN2-166-Ab_solo,GuitarSet,8192,44100.0,185.75963718820861,0.45180722891566266,0.6880733944954128,0.5454545454545455,0.375,0.45180722891566266,0.6696428571428571,0.5395683453237411,0.3694581280788177,112,170,77,23.13,3.6485557120001886,6.339494809939414,124
00_BN3-119-G_comp,GuitarSet,8192,44100.0,185.75963718820861,0.6722222222222223,0.29802955665024633,0.41296928327645055,0.26021505376344084,0.6722222222222223,0.29584352078239606,0.41086587436332767,0.25854700854700857,409,180,122,32.26319727891156,5.136620386999994,6.281016475456278,173
00_BN3-119-G_solo,GuitarSet,8192,44100.0,185.75963718820861,0.3793103448275862,0.1864406779661017,0.24999999999999994,0.14285714285714285,0.3793103448275862,0.18591549295774648,0.24952741020793953,0.14254859611231102,355,174,66,32.26319727891156,5.099222639000118,6.327081510847289,173
00_BN3-154-E_comp,GuitarSet,8192,44100.0,185.75963718820861,0.6184738955823293,0.4827586206896552,0.5422535211267606,0.3719806763285024,0.6184738955823293,0.4797507788161994,0.5403508771929825,0.3701923076923077,321,253,155,24.93199546485261,4.001657117999912,6.230417731870539,134
00_BN3-154-E_solo,GuitarSet,8192,44100.0,185.75963718820861,0.3092105263157895,0.4845360824742268,0.37751004016064266,0.23267326732673269,0.3092105263157895,0.4845360824742268,0.37751004016064266,0.23267326732673269,194,309,94,24.93199546485261,3.936786527000095,6.3330829075589365,134
00_Funk1-114-Ab_comp,GuitarSet,8192,44100.0,185.75963718820861,0.49122807017543857,0.15300546448087432,0.23333333333333334,0.1320754716981132,0.49122807017543857,0.15176151761517614,0.23188405797101452,0.13114754098360656,369,114,56,25.258390022675737,3.992326622000064,6.326734361734627,135
00_Funk1-114-Ab_solo,GuitarSet,8192,44100.0,185.75963718820861,1.0,0.00684931506849315,0.013605442176870748,0.00684931506849315,1.0,0.006802721088435374,0.013513513513513513,0.006802721088435374,147,1,1,25.258390022675737,4.036656280999978,6.257255575998316,135
00_Funk1-97-C_comp,GuitarSet,8192,44100.0,185.75963718820861,0.6837209302325581,0.30184804928131415,0.41880341880341876,0.2648648648648649,0.6837209302325581,0.29878048780487804,0.4158415841584159,0.2625,492,216,149,29.688390022675737,4.700877744000081,6.31549928320689,159
00_Funk1-97-C_solo,GuitarSet,8192,44100.0,185.75963718820861,0.0,0.0,0.0,0.0,0.0,0.0,0.0,0.0,236,0,0,29.688390022675737,4.784408684000027,6.2052370488247295,159
00_Funk2-108-Eb_comp,GuitarSet,8192,44100.0,185.75963718820861,0.6714285714285714,0.20919881305637983,0.3190045248868778,0.18977119784656796,0.6714285714285714,0.20614035087719298,0.3154362416107383,0.18725099601593626,684,215,143,35.54839002267574,5.7515632259999165,6.180648395201395,191
00_Funk2-108-Eb_solo,GuitarSet,8192,44100.0,185.75963718820861,0.0,0.0,0.0,0.0,0.0,0.0,0.0,0.0,188,0,0,35.54839002267574,6.040656624000121,5.884855279050046,191
00_Funk2-119-G_comp,GuitarSet,8192,44100.0,185.75963718820861,0.6990049751243781,0.39745403111739747,0.5067628494138864,0.3393719806763285,0.6990049751243781,0.39191073919107394,0.5022341376228776,0.3353221957040573,717,406,285,32.26319727891156,5.2336355529998855,6.164586156638001,173
00_Funk2-119-G_solo,GuitarSet,8192,44100.0,185.75963718820861,0.7894736842105263,0.07211538461538461,0.13215859030837004,0.07075471698113207,0.7894736842105263,0.07142857142857142,0.13100436681222707,0.07009345794392523,210,21,15,32.26319727891156,5.082735644000195,6.347604821233611,173
